{"nodes":{"node:1":{"location":{"x":-799,"y":692}}},"selection":["node:1"],"view":{"scroll":{"x":-1094.3521728515625,"y":220.533447265625},"visible_rect":{"max":{"x":809.6478271484375,"y":1193.533447265625},"min":{"x":-1094.3521728515625,"y":220.533447265625}},"zoom":1}}